concurrency,throughput,avg_latency,p50,p95,p99,error_rate,total_writes,total_errors,llm_rate,embedding_rate,avg_llm_time,avg_embedding_time,stage_compress,stage_segment,stage_llm_extract,stage_db_insert
1,0.374777,2.668239,2.259869,6.82566,8.425712,0.0,23,0,0.374777,1.205804,2.212703,0.010972,0.0,0.0,0.0,0.0
2,0.570361,3.452688,3.1784,7.903446,9.819422,0.0,37,0,0.570361,2.60516,1.691772,0.013254,0.0,0.0,0.0,0.0
4,0.538382,7.23253,7.42722,9.934898,10.647373,0.0,36,0,0.538382,4.02291,1.776398,0.013713,0.0,0.0,0.0,0.0
8,0.389131,18.31103,18.510656,24.847025,25.230349,0.0,31,0,0.389131,4.83276,2.43202,0.013596,0.0,0.0,0.0,0.0
16,0.476415,28.5974,32.635716,36.818772,37.574984,0.0,43,0,0.476415,5.694819,1.935725,0.0139,0.0,0.0,0.0,0.0
32,0.412014,57.168558,68.640856,76.474149,81.64705,0.0,54,0,0.412014,5.249361,2.19735,0.015094,0.0,0.0,0.0,0.0
