concurrency,throughput,avg_latency,p50,p95,p99,error_rate,total_writes,total_errors,llm_rate,embedding_rate,avg_llm_time,avg_embedding_time,stage_compress,stage_segment,stage_llm_extract,stage_db_insert
1,1.499256,0.666985,0.617411,0.940774,1.524253,0.0,91,0,1.499256,2.009991,0.217444,0.01707,0.0,0.0,0.0,0.0
2,2.170722,0.91912,0.878013,1.213005,1.900462,0.0,133,0,2.170722,4.390408,0.181843,0.023822,0.0,0.0,0.0,0.0
4,2.384798,1.668126,1.576108,2.343005,2.983505,0.0,148,0,2.384798,8.008409,0.237449,0.031889,0.0,0.0,0.0,0.0
8,0.380625,20.977547,3.539017,246.775758,247.340984,0.0,111,0,0.380625,2.362617,2.481478,0.039644,0.0,0.0,0.0,0.0
16,2.579274,6.050671,5.967682,7.356468,9.787284,0.0,165,0,2.579274,14.0844,0.24137,0.048696,0.0,0.0,0.0,0.0
32,2.302871,13.169881,12.47707,21.411067,23.131058,0.0,157,0,2.302871,17.014842,0.255789,0.050674,0.0,0.0,0.0,0.0
