concurrency,throughput,avg_latency,p50,p95,p99,error_rate,total_writes,total_errors,llm_rate,embedding_rate,avg_llm_time,avg_embedding_time,stage_compress,stage_segment,stage_llm_extract,stage_db_insert
1,0.392038,2.55075,2.600051,6.109319,6.790207,0.0,24,0,0.392038,1.22512,2.05727,0.011949,0.0,0.0,0.0,0.0
2,0.555523,3.511806,3.201181,7.714593,9.012203,0.0,36,0,0.555523,2.685026,1.70967,0.017449,0.0,0.0,0.0,0.0
4,0.544357,7.133447,7.169521,9.497857,11.042058,0.0,36,0,0.544357,4.112918,1.731547,0.018624,0.0,0.0,0.0,0.0
8,0.378465,18.492886,18.623264,25.06852,26.093652,0.0,31,0,0.378465,4.761337,2.455932,0.020114,0.0,0.0,0.0,0.0
16,0.471201,28.135664,31.104943,36.073984,36.165853,0.0,43,0,0.471201,5.709203,1.950689,0.019849,0.0,0.0,0.0,0.0
32,0.443972,54.811909,67.325689,73.953004,77.588927,0.0,56,0,0.443972,5.470368,2.022929,0.019257,0.0,0.0,0.0,0.0
