concurrency,throughput,avg_latency,p50,p95,p99,error_rate,total_writes,total_errors,llm_rate,embedding_rate,avg_llm_time,avg_embedding_time,stage_compress,stage_segment,stage_llm_extract,stage_db_insert
1,0.212898,4.697058,0.680432,1.549578,72.119749,0.0,23,0,0.203642,0.323976,0.234398,0.014646,0.0,0.0,0.0,0.0
2,2.064164,0.967407,0.901722,1.335459,1.549465,0.0,125,0,2.064164,3.220095,0.199741,0.027433,0.0,0.0,0.0,0.0
4,0.307247,12.98794,1.579326,92.749357,92.821619,0.0,32,0,0.297646,2.275548,0.216309,0.02896,0.0,0.0,0.0,0.0
8,0.278337,20.661397,3.556395,108.026211,185.069191,0.0,58,0,0.268739,1.641227,0.2988,0.034718,0.0,0.0,0.0,0.0
16,1.218329,12.620145,6.847292,36.323016,37.672106,0.0,80,0,1.218329,7.127224,0.634395,0.043123,0.0,0.0,0.0,0.0
32,0.514611,60.450455,99.124527,103.088228,113.494875,0.0,62,0,0.506311,4.5817,0.222943,0.044022,0.0,0.0,0.0,0.0
