concurrency,throughput,avg_latency,p50,p95,p99,error_rate,total_writes,total_errors,llm_rate,embedding_rate,avg_llm_time,avg_embedding_time,stage_compress,stage_segment,stage_llm_extract,stage_db_insert
1,1.402935,0.712775,0.6459,1.066667,1.443829,0.0,29,0,1.402935,2.612362,0.248549,0.012069,0.0,0.0,0.0,0.0
2,2.060286,0.965743,0.951846,1.164924,1.642335,0.0,42,0,2.060286,5.494095,0.205408,0.017722,0.0,0.0,0.0,0.0
4,0.313997,12.708875,1.594296,92.69563,93.037203,0.0,33,0,0.304482,1.474833,0.219415,0.022779,0.0,0.0,0.0,0.0
8,0.4582,8.550123,3.362619,44.773707,93.824594,0.0,52,0,0.449388,2.053087,0.25393,0.036753,0.0,0.0,0.0,0.0
16,1.063296,13.50293,6.401525,36.016989,36.635767,0.0,58,0,1.063296,5.774798,0.752967,0.043828,0.0,0.0,0.0,0.0
32,0.494656,20.953439,12.982303,99.30432,99.410003,0.0,59,0,0.486272,3.370369,0.232273,0.042942,0.0,0.0,0.0,0.0
