concurrency,throughput,avg_latency,p50,p95,p99,error_rate,total_writes,total_errors,llm_rate,embedding_rate,avg_llm_time,avg_embedding_time,stage_compress,stage_segment,stage_llm_extract,stage_db_insert
1,1.477491,0.676808,0.659221,0.896621,0.968729,0.0,30,0,1.477491,1.871488,0.200229,0.018134,0.0,0.0,0.0,0.0
2,2.102651,0.946291,0.931502,1.285059,1.665196,0.0,43,0,2.102651,4.74319,0.209779,0.023845,0.0,0.0,0.0,0.0
4,2.442814,1.601546,1.590943,2.11227,2.347407,0.0,52,0,2.442814,7.798215,0.213593,0.032324,0.0,0.0,0.0,0.0
8,2.310584,3.299818,3.266094,4.474895,4.706883,0.0,53,0,2.310584,10.768194,0.266305,0.043554,0.0,0.0,0.0,0.0
16,2.276956,6.533842,6.045094,10.267633,11.048679,0.0,54,0,2.276956,13.703904,0.233936,0.047107,0.0,0.0,0.0,0.0
32,1.941556,14.12546,12.088241,21.347955,21.991396,0.0,56,0,1.941556,14.665679,0.256538,0.044641,0.0,0.0,0.0,0.0
